event_date,ticker,move_pct_or_context,family,prelaunch_clue,clue_timing,detectable_before_move,root_cause_or_lesson,confidence
2026-09-11,VICR,~+10.6% intraday,production-capacity-milestone,"New Hampshire fab-site expansion announcement","same-day public announcement",yes,source-first company milestone should create hot-watch before momentum threshold,medium
2026-09-17,VICR,~+11.4% premarket / +17.7% session,strategic-license-ai,"VPD license to leading AI OEM","after close Sep 16",yes,IR listener + materiality scoring should flag before next-session chase,high
2026-09-21/22,VICR,~+10-12% premarket,guidance-repricing,"Q3 sequential revenue growth guide raised from ~10% to >20% on royalties","post-close Sep 21",yes,guide delta and repeated-catalyst memory are high-value features,high
2026-09-21,GRAL,~+35%,regulatory-document-first,"FDA staff briefing documents raised no major analytical/safety concerns before advisory meeting","public FDA documents before/at move",yes,monitor FDA briefing documents directly and pre-register advisory calendar,high
2026-09-28,KOD,~+177%,scheduled-binary-event,"Company announced Sep 25 that DAYBREAK Phase 3 topline results would be presented Sep 28 08:30 ET","T-3 days",yes_event_not_direction,"T-1/T-7 event watch + instant result parser; direction unknowable before data",high
2026-09-28,TXG,contextual_monthly_mover,analyst-action,"Argus initiated Buy / $110 citing Atera demand","08:46 ET Sep 28",yes_after_publication,"analyst-action feed can create watch but must require tape because analyst notes have high false-positive rate",medium
2026-09-16,TWST,contextual_monthly_mover,strategic-partnership,"Twist joined Lilly TuneLab for antibody drug discovery","Sep 16 company IR",yes_after_publication,"counterparty-quality + economics/materiality scoring needed; partnership headline alone insufficient",medium
2026-10-01,FORM,~+9.6%,analyst-action,"Deutsche Bank initiated Buy / $200; AI/HBM/Nvidia/TSMC exposure thesis","same-day analyst action",yes,analyst initiations with large target delta + sector RS deserve early watch,medium
2026-10-05,PTC,+33.486%,confirmed-m-and-a,"Schneider definitive $205/share acquisition; ~42% premium","weekend/public deal",yes_after_publication,"SEC/IR/M&A source latency dominates; no need to wait for VWAP",high
2026-10-05,RXO,+22.541%,confirmed-m-and-a,"C.H. Robinson acquisition agreement","same-day/public deal",yes_after_publication,"M&A materiality classifier should alert immediately; technicals secondary",high
2026-10-05,PCVX,+30.701%,scheduled-binary-event,"known Phase 3 OPUS-1/topline event","scheduled ahead",yes_event_not_direction,"pre-register binary event then parse result + first tape; never predict outcome",high
2026-10-07,PENG,+13.082%,earnings-inflection,"earnings beat / FY27 guidance raise / AI-memory demand","after-hours prior session",yes,"earnings surprise + guide delta should seed next-session hot watch",high
2026-10-07,BRZE,+8.049%,unknown-needs-forensics,"mover present in missed-movers audit","unknown",unknown,"requires point-in-time catalyst reconstruction",low
2026-10-07,BSP,+24.191%,unknown-needs-forensics,"mover present in missed-movers audit","unknown",unknown,"requires point-in-time catalyst reconstruction",low
